{"ClientIdIBMCloud":"602fb758-a7af-4bf3-8e6b-2e5071008dfe","ClientSecretIBMCloud":"sQ7rD4rR6kB7lI2kS8oB5sW2tK2rM1xI3iP8sY6lV0tX0aW2vF","ClientIdApiConnectOnPremise":"dff80e98-80b2-406a-8f15-9c6728f54817","ClientSecretApiConnectOnPremise":"F1dA5tN6lS6mU4kF4aT4lB4yY1lU6tV2pU3kG7bL8uT2hK5oA2","googleRecaptchaSecret":"6LeIxAcTAAAAAGG-vFI1TnRWxMZNFuojJ4WifJWe","ClientIdIBMCloudPortalUser": "602fb758-a7af-4bf3-8e6b-2e5071008dfe","ClientSecretIBMCloudPortalUser": "sQ7rD4rR6kB7lI2kS8oB5sW2tK2rM1xI3iP8sY6lV0tX0aW2vF", "ClientIdApiSecurity": "PCB", "AuthorizationApiSecurity": "UENCOnBjYjEyMzQ1Ng==", "AuthenticationSecret": "HM3o5zvhl791VIBU0yRIwMRejKJAAcqDm5IAEHMbRIQqaGzbqwqweqlkweqwlkqqw"}